,ID,id_pozo,campo,Socio,E_Brent,tipo_costo,P_D,FC_T
0,0,CC04C5,CARICARE,con_socio,45,pesimista,0,"[Decimal('0'), Decimal('0'), Decimal('0'), Decimal('0'), Decimal('0'), Decimal('0'), Decimal('0'), Decimal('0'), Decimal('0'), Decimal('0'), Decimal('0'), Decimal('0'), Decimal('0'), Decimal('0'), Decimal('0'), Decimal('0'), Decimal('183.4677'), Decimal('681.9598'), Decimal('257.7694'), Decimal('59.952'), Decimal('0'), Decimal('0'), Decimal('0'), Decimal('0'), Decimal('0'), Decimal('0'), Decimal('0'), Decimal('0'), Decimal('0'), Decimal('0'), Decimal('0'), Decimal('0'), Decimal('0')]"
1,1,CC04C5,CARICARE,con_socio,45,pesimista,0.1,"[Decimal('0'), Decimal('0'), Decimal('0'), Decimal('0'), Decimal('0'), Decimal('0'), Decimal('0'), Decimal('0'), Decimal('0'), Decimal('0'), Decimal('0'), Decimal('0'), Decimal('0'), Decimal('0'), Decimal('0'), Decimal('0'), Decimal('183.4677'), Decimal('681.9598'), Decimal('257.7694'), Decimal('59.952'), Decimal('0'), Decimal('0'), Decimal('0'), Decimal('0'), Decimal('0'), Decimal('0'), Decimal('0'), Decimal('0'), Decimal('0'), Decimal('0'), Decimal('0'), Decimal('0'), Decimal('0')]"
2,2,CC04C5,CARICARE,con_socio,45,pesimista,0.2,"[Decimal('0'), Decimal('0'), Decimal('0'), Decimal('0'), Decimal('0'), Decimal('0'), Decimal('0'), Decimal('0'), Decimal('0'), Decimal('0'), Decimal('0'), Decimal('0'), Decimal('0'), Decimal('0'), Decimal('0'), Decimal('0'), Decimal('183.4677'), Decimal('681.9598'), Decimal('257.7694'), Decimal('59.952'), Decimal('0'), Decimal('0'), Decimal('0'), Decimal('0'), Decimal('0'), Decimal('0'), Decimal('0'), Decimal('0'), Decimal('0'), Decimal('0'), Decimal('0'), Decimal('0'), Decimal('0')]"
3,3,CC04C5,CARICARE,con_socio,45,pesimista,0.3,"[Decimal('0'), Decimal('0'), Decimal('0'), Decimal('0'), Decimal('0'), Decimal('0'), Decimal('0'), Decimal('0'), Decimal('0'), Decimal('0'), Decimal('0'), Decimal('0'), Decimal('0'), Decimal('0'), Decimal('0'), Decimal('0'), Decimal('183.4677'), Decimal('681.9598'), Decimal('257.7694'), Decimal('59.952'), Decimal('0'), Decimal('0'), Decimal('0'), Decimal('0'), Decimal('0'), Decimal('0'), Decimal('0'), Decimal('0'), Decimal('0'), Decimal('0'), Decimal('0'), Decimal('0'), Decimal('0')]"
4,4,CC04C5,CARICARE,con_socio,45,probable,0,"[Decimal('0'), Decimal('0'), Decimal('0'), Decimal('0'), Decimal('0'), Decimal('0'), Decimal('0'), Decimal('0'), Decimal('0'), Decimal('0'), Decimal('0'), Decimal('0'), Decimal('0'), Decimal('0'), Decimal('0'), Decimal('0'), Decimal('183.4677'), Decimal('681.9598'), Decimal('257.7694'), Decimal('59.952'), Decimal('0'), Decimal('0'), Decimal('0'), Decimal('0'), Decimal('0'), Decimal('0'), Decimal('0'), Decimal('0'), Decimal('0'), Decimal('0'), Decimal('0'), Decimal('0'), Decimal('0')]"
5,5,CC04C5,CARICARE,con_socio,45,probable,0.1,"[Decimal('0'), Decimal('0'), Decimal('0'), Decimal('0'), Decimal('0'), Decimal('0'), Decimal('0'), Decimal('0'), Decimal('0'), Decimal('0'), Decimal('0'), Decimal('0'), Decimal('0'), Decimal('0'), Decimal('0'), Decimal('0'), Decimal('183.4677'), Decimal('681.9598'), Decimal('257.7694'), Decimal('59.952'), Decimal('0'), Decimal('0'), Decimal('0'), Decimal('0'), Decimal('0'), Decimal('0'), Decimal('0'), Decimal('0'), Decimal('0'), Decimal('0'), Decimal('0'), Decimal('0'), Decimal('0')]"
6,6,CC04C5,CARICARE,con_socio,45,probable,0.2,"[Decimal('0'), Decimal('0'), Decimal('0'), Decimal('0'), Decimal('0'), Decimal('0'), Decimal('0'), Decimal('0'), Decimal('0'), Decimal('0'), Decimal('0'), Decimal('0'), Decimal('0'), Decimal('0'), Decimal('0'), Decimal('0'), Decimal('183.4677'), Decimal('681.9598'), Decimal('257.7694'), Decimal('59.952'), Decimal('0'), Decimal('0'), Decimal('0'), Decimal('0'), Decimal('0'), Decimal('0'), Decimal('0'), Decimal('0'), Decimal('0'), Decimal('0'), Decimal('0'), Decimal('0'), Decimal('0')]"
7,7,CC04C5,CARICARE,con_socio,45,probable,0.3,"[Decimal('0'), Decimal('0'), Decimal('0'), Decimal('0'), Decimal('0'), Decimal('0'), Decimal('0'), Decimal('0'), Decimal('0'), Decimal('0'), Decimal('0'), Decimal('0'), Decimal('0'), Decimal('0'), Decimal('0'), Decimal('0'), Decimal('183.4677'), Decimal('681.9598'), Decimal('257.7694'), Decimal('59.952'), Decimal('0'), Decimal('0'), Decimal('0'), Decimal('0'), Decimal('0'), Decimal('0'), Decimal('0'), Decimal('0'), Decimal('0'), Decimal('0'), Decimal('0'), Decimal('0'), Decimal('0')]"
8,8,CC04C5,CARICARE,con_socio,45,optimista,0,"[Decimal('0'), Decimal('0'), Decimal('0'), Decimal('0'), Decimal('0'), Decimal('0'), Decimal('0'), Decimal('0'), Decimal('0'), Decimal('0'), Decimal('0'), Decimal('0'), Decimal('0'), Decimal('0'), Decimal('0'), Decimal('0'), Decimal('183.4677'), Decimal('681.9598'), Decimal('257.7694'), Decimal('59.952'), Decimal('0'), Decimal('0'), Decimal('0'), Decimal('0'), Decimal('0'), Decimal('0'), Decimal('0'), Decimal('0'), Decimal('0'), Decimal('0'), Decimal('0'), Decimal('0'), Decimal('0')]"
9,9,CC04C5,CARICARE,con_socio,45,optimista,0.1,"[Decimal('0'), Decimal('0'), Decimal('0'), Decimal('0'), Decimal('0'), Decimal('0'), Decimal('0'), Decimal('0'), Decimal('0'), Decimal('0'), Decimal('0'), Decimal('0'), Decimal('0'), Decimal('0'), Decimal('0'), Decimal('0'), Decimal('183.4677'), Decimal('681.9598'), Decimal('257.7694'), Decimal('59.952'), Decimal('0'), Decimal('0'), Decimal('0'), Decimal('0'), Decimal('0'), Decimal('0'), Decimal('0'), Decimal('0'), Decimal('0'), Decimal('0'), Decimal('0'), Decimal('0'), Decimal('0')]"
10,10,CC04C5,CARICARE,con_socio,45,optimista,0.2,"[Decimal('0'), Decimal('0'), Decimal('0'), Decimal('0'), Decimal('0'), Decimal('0'), Decimal('0'), Decimal('0'), Decimal('0'), Decimal('0'), Decimal('0'), Decimal('0'), Decimal('0'), Decimal('0'), Decimal('0'), Decimal('0'), Decimal('183.4677'), Decimal('681.9598'), Decimal('257.7694'), Decimal('59.952'), Decimal('0'), Decimal('0'), Decimal('0'), Decimal('0'), Decimal('0'), Decimal('0'), Decimal('0'), Decimal('0'), Decimal('0'), Decimal('0'), Decimal('0'), Decimal('0'), Decimal('0')]"
11,11,CC04C5,CARICARE,con_socio,45,optimista,0.3,"[Decimal('0'), Decimal('0'), Decimal('0'), Decimal('0'), Decimal('0'), Decimal('0'), Decimal('0'), Decimal('0'), Decimal('0'), Decimal('0'), Decimal('0'), Decimal('0'), Decimal('0'), Decimal('0'), Decimal('0'), Decimal('0'), Decimal('183.4677'), Decimal('681.9598'), Decimal('257.7694'), Decimal('59.952'), Decimal('0'), Decimal('0'), Decimal('0'), Decimal('0'), Decimal('0'), Decimal('0'), Decimal('0'), Decimal('0'), Decimal('0'), Decimal('0'), Decimal('0'), Decimal('0'), Decimal('0')]"
12,12,CC04C5,CARICARE,sin_Socio,45,pesimista,0,"[Decimal('0'), Decimal('0'), Decimal('0'), Decimal('0'), Decimal('0'), Decimal('0'), Decimal('0'), Decimal('0'), Decimal('0'), Decimal('0'), Decimal('0'), Decimal('0'), Decimal('0'), Decimal('0'), Decimal('0'), Decimal('0'), Decimal('314.2646'), Decimal('1157.1592'), Decimal('419.3577'), Decimal('75.4066'), Decimal('0'), Decimal('0'), Decimal('0'), Decimal('0'), Decimal('0'), Decimal('0'), Decimal('0'), Decimal('0'), Decimal('0'), Decimal('0'), Decimal('0'), Decimal('0'), Decimal('0')]"
13,13,CC04C5,CARICARE,sin_Socio,45,pesimista,0.1,"[Decimal('0'), Decimal('0'), Decimal('0'), Decimal('0'), Decimal('0'), Decimal('0'), Decimal('0'), Decimal('0'), Decimal('0'), Decimal('0'), Decimal('0'), Decimal('0'), Decimal('0'), Decimal('0'), Decimal('0'), Decimal('0'), Decimal('314.2646'), Decimal('1157.1592'), Decimal('419.3577'), Decimal('75.4066'), Decimal('0'), Decimal('0'), Decimal('0'), Decimal('0'), Decimal('0'), Decimal('0'), Decimal('0'), Decimal('0'), Decimal('0'), Decimal('0'), Decimal('0'), Decimal('0'), Decimal('0')]"
14,14,CC04C5,CARICARE,sin_Socio,45,pesimista,0.2,"[Decimal('0'), Decimal('0'), Decimal('0'), Decimal('0'), Decimal('0'), Decimal('0'), Decimal('0'), Decimal('0'), Decimal('0'), Decimal('0'), Decimal('0'), Decimal('0'), Decimal('0'), Decimal('0'), Decimal('0'), Decimal('0'), Decimal('314.2646'), Decimal('1157.1592'), Decimal('419.3577'), Decimal('75.4066'), Decimal('0'), Decimal('0'), Decimal('0'), Decimal('0'), Decimal('0'), Decimal('0'), Decimal('0'), Decimal('0'), Decimal('0'), Decimal('0'), Decimal('0'), Decimal('0'), Decimal('0')]"
15,15,CC04C5,CARICARE,sin_Socio,45,pesimista,0.3,"[Decimal('0'), Decimal('0'), Decimal('0'), Decimal('0'), Decimal('0'), Decimal('0'), Decimal('0'), Decimal('0'), Decimal('0'), Decimal('0'), Decimal('0'), Decimal('0'), Decimal('0'), Decimal('0'), Decimal('0'), Decimal('0'), Decimal('314.2646'), Decimal('1157.1592'), Decimal('419.3577'), Decimal('75.4066'), Decimal('0'), Decimal('0'), Decimal('0'), Decimal('0'), Decimal('0'), Decimal('0'), Decimal('0'), Decimal('0'), Decimal('0'), Decimal('0'), Decimal('0'), Decimal('0'), Decimal('0')]"
16,16,CC04C5,CARICARE,sin_Socio,45,probable,0,"[Decimal('0'), Decimal('0'), Decimal('0'), Decimal('0'), Decimal('0'), Decimal('0'), Decimal('0'), Decimal('0'), Decimal('0'), Decimal('0'), Decimal('0'), Decimal('0'), Decimal('0'), Decimal('0'), Decimal('0'), Decimal('0'), Decimal('314.2646'), Decimal('1157.1592'), Decimal('419.3577'), Decimal('75.4066'), Decimal('0'), Decimal('0'), Decimal('0'), Decimal('0'), Decimal('0'), Decimal('0'), Decimal('0'), Decimal('0'), Decimal('0'), Decimal('0'), Decimal('0'), Decimal('0'), Decimal('0')]"
17,17,CC04C5,CARICARE,sin_Socio,45,probable,0.1,"[Decimal('0'), Decimal('0'), Decimal('0'), Decimal('0'), Decimal('0'), Decimal('0'), Decimal('0'), Decimal('0'), Decimal('0'), Decimal('0'), Decimal('0'), Decimal('0'), Decimal('0'), Decimal('0'), Decimal('0'), Decimal('0'), Decimal('314.2646'), Decimal('1157.1592'), Decimal('419.3577'), Decimal('75.4066'), Decimal('0'), Decimal('0'), Decimal('0'), Decimal('0'), Decimal('0'), Decimal('0'), Decimal('0'), Decimal('0'), Decimal('0'), Decimal('0'), Decimal('0'), Decimal('0'), Decimal('0')]"
18,18,CC04C5,CARICARE,sin_Socio,45,probable,0.2,"[Decimal('0'), Decimal('0'), Decimal('0'), Decimal('0'), Decimal('0'), Decimal('0'), Decimal('0'), Decimal('0'), Decimal('0'), Decimal('0'), Decimal('0'), Decimal('0'), Decimal('0'), Decimal('0'), Decimal('0'), Decimal('0'), Decimal('314.2646'), Decimal('1157.1592'), Decimal('419.3577'), Decimal('75.4066'), Decimal('0'), Decimal('0'), Decimal('0'), Decimal('0'), Decimal('0'), Decimal('0'), Decimal('0'), Decimal('0'), Decimal('0'), Decimal('0'), Decimal('0'), Decimal('0'), Decimal('0')]"
19,19,CC04C5,CARICARE,sin_Socio,45,probable,0.3,"[Decimal('0'), Decimal('0'), Decimal('0'), Decimal('0'), Decimal('0'), Decimal('0'), Decimal('0'), Decimal('0'), Decimal('0'), Decimal('0'), Decimal('0'), Decimal('0'), Decimal('0'), Decimal('0'), Decimal('0'), Decimal('0'), Decimal('314.2646'), Decimal('1157.1592'), Decimal('419.3577'), Decimal('75.4066'), Decimal('0'), Decimal('0'), Decimal('0'), Decimal('0'), Decimal('0'), Decimal('0'), Decimal('0'), Decimal('0'), Decimal('0'), Decimal('0'), Decimal('0'), Decimal('0'), Decimal('0')]"
20,20,CC04C5,CARICARE,sin_Socio,45,optimista,0,"[Decimal('0'), Decimal('0'), Decimal('0'), Decimal('0'), Decimal('0'), Decimal('0'), Decimal('0'), Decimal('0'), Decimal('0'), Decimal('0'), Decimal('0'), Decimal('0'), Decimal('0'), Decimal('0'), Decimal('0'), Decimal('0'), Decimal('314.2646'), Decimal('1157.1592'), Decimal('419.3577'), Decimal('75.4066'), Decimal('0'), Decimal('0'), Decimal('0'), Decimal('0'), Decimal('0'), Decimal('0'), Decimal('0'), Decimal('0'), Decimal('0'), Decimal('0'), Decimal('0'), Decimal('0'), Decimal('0')]"
21,21,CC04C5,CARICARE,sin_Socio,45,optimista,0.1,"[Decimal('0'), Decimal('0'), Decimal('0'), Decimal('0'), Decimal('0'), Decimal('0'), Decimal('0'), Decimal('0'), Decimal('0'), Decimal('0'), Decimal('0'), Decimal('0'), Decimal('0'), Decimal('0'), Decimal('0'), Decimal('0'), Decimal('314.2646'), Decimal('1157.1592'), Decimal('419.3577'), Decimal('75.4066'), Decimal('0'), Decimal('0'), Decimal('0'), Decimal('0'), Decimal('0'), Decimal('0'), Decimal('0'), Decimal('0'), Decimal('0'), Decimal('0'), Decimal('0'), Decimal('0'), Decimal('0')]"
22,22,CC04C5,CARICARE,sin_Socio,45,optimista,0.2,"[Decimal('0'), Decimal('0'), Decimal('0'), Decimal('0'), Decimal('0'), Decimal('0'), Decimal('0'), Decimal('0'), Decimal('0'), Decimal('0'), Decimal('0'), Decimal('0'), Decimal('0'), Decimal('0'), Decimal('0'), Decimal('0'), Decimal('314.2646'), Decimal('1157.1592'), Decimal('419.3577'), Decimal('75.4066'), Decimal('0'), Decimal('0'), Decimal('0'), Decimal('0'), Decimal('0'), Decimal('0'), Decimal('0'), Decimal('0'), Decimal('0'), Decimal('0'), Decimal('0'), Decimal('0'), Decimal('0')]"
23,23,CC04C5,CARICARE,sin_Socio,45,optimista,0.3,"[Decimal('0'), Decimal('0'), Decimal('0'), Decimal('0'), Decimal('0'), Decimal('0'), Decimal('0'), Decimal('0'), Decimal('0'), Decimal('0'), Decimal('0'), Decimal('0'), Decimal('0'), Decimal('0'), Decimal('0'), Decimal('0'), Decimal('314.2646'), Decimal('1157.1592'), Decimal('419.3577'), Decimal('75.4066'), Decimal('0'), Decimal('0'), Decimal('0'), Decimal('0'), Decimal('0'), Decimal('0'), Decimal('0'), Decimal('0'), Decimal('0'), Decimal('0'), Decimal('0'), Decimal('0'), Decimal('0')]"
24,24,CC10IntGuaf,CARICARE,con_socio,45,pesimista,0,"[Decimal('0'), Decimal('0'), Decimal('0'), Decimal('0'), Decimal('0'), Decimal('0'), Decimal('0'), Decimal('0'), Decimal('0'), Decimal('0'), Decimal('0'), Decimal('0'), Decimal('0'), Decimal('0'), Decimal('0'), Decimal('0'), Decimal('0'), Decimal('0'), Decimal('0'), Decimal('0'), Decimal('0'), Decimal('947.3476'), Decimal('512.3541'), Decimal('219.6455'), Decimal('0'), Decimal('0'), Decimal('0'), Decimal('0'), Decimal('0'), Decimal('0'), Decimal('0'), Decimal('0'), Decimal('0')]"
25,25,CC10IntGuaf,CARICARE,con_socio,45,pesimista,0.1,"[Decimal('0'), Decimal('0'), Decimal('0'), Decimal('0'), Decimal('0'), Decimal('0'), Decimal('0'), Decimal('0'), Decimal('0'), Decimal('0'), Decimal('0'), Decimal('0'), Decimal('0'), Decimal('0'), Decimal('0'), Decimal('0'), Decimal('0'), Decimal('0'), Decimal('0'), Decimal('0'), Decimal('0'), Decimal('947.3476'), Decimal('546.9341'), Decimal('219.6455'), Decimal('0'), Decimal('0'), Decimal('0'), Decimal('0'), Decimal('0'), Decimal('0'), Decimal('0'), Decimal('0'), Decimal('0')]"
26,26,CC10IntGuaf,CARICARE,con_socio,45,pesimista,0.2,"[Decimal('0'), Decimal('0'), Decimal('0'), Decimal('0'), Decimal('0'), Decimal('0'), Decimal('0'), Decimal('0'), Decimal('0'), Decimal('0'), Decimal('0'), Decimal('0'), Decimal('0'), Decimal('0'), Decimal('0'), Decimal('0'), Decimal('0'), Decimal('0'), Decimal('0'), Decimal('0'), Decimal('0'), Decimal('947.3476'), Decimal('581.5141'), Decimal('219.6455'), Decimal('0'), Decimal('0'), Decimal('0'), Decimal('0'), Decimal('0'), Decimal('0'), Decimal('0'), Decimal('0'), Decimal('0')]"
27,27,CC10IntGuaf,CARICARE,con_socio,45,pesimista,0.3,"[Decimal('0'), Decimal('0'), Decimal('0'), Decimal('0'), Decimal('0'), Decimal('0'), Decimal('0'), Decimal('0'), Decimal('0'), Decimal('0'), Decimal('0'), Decimal('0'), Decimal('0'), Decimal('0'), Decimal('0'), Decimal('0'), Decimal('0'), Decimal('0'), Decimal('0'), Decimal('0'), Decimal('0'), Decimal('947.3476'), Decimal('616.0941'), Decimal('219.6455'), Decimal('0'), Decimal('0'), Decimal('0'), Decimal('0'), Decimal('0'), Decimal('0'), Decimal('0'), Decimal('0'), Decimal('0')]"
28,28,CC10IntGuaf,CARICARE,con_socio,45,probable,0,"[Decimal('0'), Decimal('0'), Decimal('0'), Decimal('0'), Decimal('0'), Decimal('0'), Decimal('0'), Decimal('0'), Decimal('0'), Decimal('0'), Decimal('0'), Decimal('0'), Decimal('0'), Decimal('0'), Decimal('0'), Decimal('0'), Decimal('0'), Decimal('0'), Decimal('0'), Decimal('0'), Decimal('0'), Decimal('947.3476'), Decimal('454.5241'), Decimal('219.6455'), Decimal('0'), Decimal('0'), Decimal('0'), Decimal('0'), Decimal('0'), Decimal('0'), Decimal('0'), Decimal('0'), Decimal('0')]"
29,29,CC10IntGuaf,CARICARE,con_socio,45,probable,0.1,"[Decimal('0'), Decimal('0'), Decimal('0'), Decimal('0'), Decimal('0'), Decimal('0'), Decimal('0'), Decimal('0'), Decimal('0'), Decimal('0'), Decimal('0'), Decimal('0'), Decimal('0'), Decimal('0'), Decimal('0'), Decimal('0'), Decimal('0'), Decimal('0'), Decimal('0'), Decimal('0'), Decimal('0'), Decimal('947.3476'), Decimal('494.8871'), Decimal('219.6455'), Decimal('0'), Decimal('0'), Decimal('0'), Decimal('0'), Decimal('0'), Decimal('0'), Decimal('0'), Decimal('0'), Decimal('0')]"
30,30,CC10IntGuaf,CARICARE,con_socio,45,probable,0.2,"[Decimal('0'), Decimal('0'), Decimal('0'), Decimal('0'), Decimal('0'), Decimal('0'), Decimal('0'), Decimal('0'), Decimal('0'), Decimal('0'), Decimal('0'), Decimal('0'), Decimal('0'), Decimal('0'), Decimal('0'), Decimal('0'), Decimal('0'), Decimal('0'), Decimal('0'), Decimal('0'), Decimal('0'), Decimal('947.3476'), Decimal('535.2501'), Decimal('219.6455'), Decimal('0'), Decimal('0'), Decimal('0'), Decimal('0'), Decimal('0'), Decimal('0'), Decimal('0'), Decimal('0'), Decimal('0')]"
31,31,CC10IntGuaf,CARICARE,con_socio,45,probable,0.3,"[Decimal('0'), Decimal('0'), Decimal('0'), Decimal('0'), Decimal('0'), Decimal('0'), Decimal('0'), Decimal('0'), Decimal('0'), Decimal('0'), Decimal('0'), Decimal('0'), Decimal('0'), Decimal('0'), Decimal('0'), Decimal('0'), Decimal('0'), Decimal('0'), Decimal('0'), Decimal('0'), Decimal('0'), Decimal('947.3476'), Decimal('575.6131'), Decimal('219.6455'), Decimal('0'), Decimal('0'), Decimal('0'), Decimal('0'), Decimal('0'), Decimal('0'), Decimal('0'), Decimal('0'), Decimal('0')]"
32,32,CC10IntGuaf,CARICARE,con_socio,45,optimista,0,"[Decimal('0'), Decimal('0'), Decimal('0'), Decimal('0'), Decimal('0'), Decimal('0'), Decimal('0'), Decimal('0'), Decimal('0'), Decimal('0'), Decimal('0'), Decimal('0'), Decimal('0'), Decimal('0'), Decimal('0'), Decimal('0'), Decimal('0'), Decimal('0'), Decimal('0'), Decimal('0'), Decimal('0'), Decimal('947.3476'), Decimal('312.3141'), Decimal('219.6455'), Decimal('0'), Decimal('0'), Decimal('0'), Decimal('0'), Decimal('0'), Decimal('0'), Decimal('0'), Decimal('0'), Decimal('0')]"
33,33,CC10IntGuaf,CARICARE,con_socio,45,optimista,0.1,"[Decimal('0'), Decimal('0'), Decimal('0'), Decimal('0'), Decimal('0'), Decimal('0'), Decimal('0'), Decimal('0'), Decimal('0'), Decimal('0'), Decimal('0'), Decimal('0'), Decimal('0'), Decimal('0'), Decimal('0'), Decimal('0'), Decimal('0'), Decimal('0'), Decimal('0'), Decimal('0'), Decimal('0'), Decimal('947.3476'), Decimal('366.8981'), Decimal('219.6455'), Decimal('0'), Decimal('0'), Decimal('0'), Decimal('0'), Decimal('0'), Decimal('0'), Decimal('0'), Decimal('0'), Decimal('0')]"
34,34,CC10IntGuaf,CARICARE,con_socio,45,optimista,0.2,"[Decimal('0'), Decimal('0'), Decimal('0'), Decimal('0'), Decimal('0'), Decimal('0'), Decimal('0'), Decimal('0'), Decimal('0'), Decimal('0'), Decimal('0'), Decimal('0'), Decimal('0'), Decimal('0'), Decimal('0'), Decimal('0'), Decimal('0'), Decimal('0'), Decimal('0'), Decimal('0'), Decimal('0'), Decimal('947.3476'), Decimal('421.4821'), Decimal('219.6455'), Decimal('0'), Decimal('0'), Decimal('0'), Decimal('0'), Decimal('0'), Decimal('0'), Decimal('0'), Decimal('0'), Decimal('0')]"
35,35,CC10IntGuaf,CARICARE,con_socio,45,optimista,0.3,"[Decimal('0'), Decimal('0'), Decimal('0'), Decimal('0'), Decimal('0'), Decimal('0'), Decimal('0'), Decimal('0'), Decimal('0'), Decimal('0'), Decimal('0'), Decimal('0'), Decimal('0'), Decimal('0'), Decimal('0'), Decimal('0'), Decimal('0'), Decimal('0'), Decimal('0'), Decimal('0'), Decimal('0'), Decimal('947.3476'), Decimal('476.0661'), Decimal('219.6455'), Decimal('0'), Decimal('0'), Decimal('0'), Decimal('0'), Decimal('0'), Decimal('0'), Decimal('0'), Decimal('0'), Decimal('0')]"
36,36,CC10IntGuaf,CARICARE,sin_Socio,45,pesimista,0,"[Decimal('0'), Decimal('0'), Decimal('0'), Decimal('0'), Decimal('0'), Decimal('0'), Decimal('0'), Decimal('0'), Decimal('0'), Decimal('0'), Decimal('0'), Decimal('0'), Decimal('0'), Decimal('0'), Decimal('0'), Decimal('0'), Decimal('0'), Decimal('0'), Decimal('0'), Decimal('0'), Decimal('0'), Decimal('1625.9177'), Decimal('757.4367'), Decimal('338.7055'), Decimal('0'), Decimal('0'), Decimal('0'), Decimal('0'), Decimal('0'), Decimal('0'), Decimal('0'), Decimal('0'), Decimal('0')]"
37,37,CC10IntGuaf,CARICARE,sin_Socio,45,pesimista,0.1,"[Decimal('0'), Decimal('0'), Decimal('0'), Decimal('0'), Decimal('0'), Decimal('0'), Decimal('0'), Decimal('0'), Decimal('0'), Decimal('0'), Decimal('0'), Decimal('0'), Decimal('0'), Decimal('0'), Decimal('0'), Decimal('0'), Decimal('0'), Decimal('0'), Decimal('0'), Decimal('0'), Decimal('0'), Decimal('1625.9177'), Decimal('826.5967'), Decimal('338.7055'), Decimal('0'), Decimal('0'), Decimal('0'), Decimal('0'), Decimal('0'), Decimal('0'), Decimal('0'), Decimal('0'), Decimal('0')]"
38,38,CC10IntGuaf,CARICARE,sin_Socio,45,pesimista,0.2,"[Decimal('0'), Decimal('0'), Decimal('0'), Decimal('0'), Decimal('0'), Decimal('0'), Decimal('0'), Decimal('0'), Decimal('0'), Decimal('0'), Decimal('0'), Decimal('0'), Decimal('0'), Decimal('0'), Decimal('0'), Decimal('0'), Decimal('0'), Decimal('0'), Decimal('0'), Decimal('0'), Decimal('0'), Decimal('1625.9177'), Decimal('895.7567'), Decimal('338.7055'), Decimal('0'), Decimal('0'), Decimal('0'), Decimal('0'), Decimal('0'), Decimal('0'), Decimal('0'), Decimal('0'), Decimal('0')]"
39,39,CC10IntGuaf,CARICARE,sin_Socio,45,pesimista,0.3,"[Decimal('0'), Decimal('0'), Decimal('0'), Decimal('0'), Decimal('0'), Decimal('0'), Decimal('0'), Decimal('0'), Decimal('0'), Decimal('0'), Decimal('0'), Decimal('0'), Decimal('0'), Decimal('0'), Decimal('0'), Decimal('0'), Decimal('0'), Decimal('0'), Decimal('0'), Decimal('0'), Decimal('0'), Decimal('1625.9177'), Decimal('964.9167'), Decimal('338.7055'), Decimal('0'), Decimal('0'), Decimal('0'), Decimal('0'), Decimal('0'), Decimal('0'), Decimal('0'), Decimal('0'), Decimal('0')]"
40,40,CC10IntGuaf,CARICARE,sin_Socio,45,probable,0,"[Decimal('0'), Decimal('0'), Decimal('0'), Decimal('0'), Decimal('0'), Decimal('0'), Decimal('0'), Decimal('0'), Decimal('0'), Decimal('0'), Decimal('0'), Decimal('0'), Decimal('0'), Decimal('0'), Decimal('0'), Decimal('0'), Decimal('0'), Decimal('0'), Decimal('0'), Decimal('0'), Decimal('0'), Decimal('1625.9177'), Decimal('641.7767'), Decimal('338.7055'), Decimal('0'), Decimal('0'), Decimal('0'), Decimal('0'), Decimal('0'), Decimal('0'), Decimal('0'), Decimal('0'), Decimal('0')]"
41,41,CC10IntGuaf,CARICARE,sin_Socio,45,probable,0.1,"[Decimal('0'), Decimal('0'), Decimal('0'), Decimal('0'), Decimal('0'), Decimal('0'), Decimal('0'), Decimal('0'), Decimal('0'), Decimal('0'), Decimal('0'), Decimal('0'), Decimal('0'), Decimal('0'), Decimal('0'), Decimal('0'), Decimal('0'), Decimal('0'), Decimal('0'), Decimal('0'), Decimal('0'), Decimal('1625.9177'), Decimal('722.5027'), Decimal('338.7055'), Decimal('0'), Decimal('0'), Decimal('0'), Decimal('0'), Decimal('0'), Decimal('0'), Decimal('0'), Decimal('0'), Decimal('0')]"
42,42,CC10IntGuaf,CARICARE,sin_Socio,45,probable,0.2,"[Decimal('0'), Decimal('0'), Decimal('0'), Decimal('0'), Decimal('0'), Decimal('0'), Decimal('0'), Decimal('0'), Decimal('0'), Decimal('0'), Decimal('0'), Decimal('0'), Decimal('0'), Decimal('0'), Decimal('0'), Decimal('0'), Decimal('0'), Decimal('0'), Decimal('0'), Decimal('0'), Decimal('0'), Decimal('1625.9177'), Decimal('803.2287'), Decimal('338.7055'), Decimal('0'), Decimal('0'), Decimal('0'), Decimal('0'), Decimal('0'), Decimal('0'), Decimal('0'), Decimal('0'), Decimal('0')]"
43,43,CC10IntGuaf,CARICARE,sin_Socio,45,probable,0.3,"[Decimal('0'), Decimal('0'), Decimal('0'), Decimal('0'), Decimal('0'), Decimal('0'), Decimal('0'), Decimal('0'), Decimal('0'), Decimal('0'), Decimal('0'), Decimal('0'), Decimal('0'), Decimal('0'), Decimal('0'), Decimal('0'), Decimal('0'), Decimal('0'), Decimal('0'), Decimal('0'), Decimal('0'), Decimal('1625.9177'), Decimal('883.9547'), Decimal('338.7055'), Decimal('0'), Decimal('0'), Decimal('0'), Decimal('0'), Decimal('0'), Decimal('0'), Decimal('0'), Decimal('0'), Decimal('0')]"
44,44,CC10IntGuaf,CARICARE,sin_Socio,45,optimista,0,"[Decimal('0'), Decimal('0'), Decimal('0'), Decimal('0'), Decimal('0'), Decimal('0'), Decimal('0'), Decimal('0'), Decimal('0'), Decimal('0'), Decimal('0'), Decimal('0'), Decimal('0'), Decimal('0'), Decimal('0'), Decimal('0'), Decimal('0'), Decimal('0'), Decimal('0'), Decimal('0'), Decimal('0'), Decimal('1625.9177'), Decimal('357.3567'), Decimal('338.7055'), Decimal('0'), Decimal('0'), Decimal('0'), Decimal('0'), Decimal('0'), Decimal('0'), Decimal('0'), Decimal('0'), Decimal('0')]"
45,45,CC10IntGuaf,CARICARE,sin_Socio,45,optimista,0.1,"[Decimal('0'), Decimal('0'), Decimal('0'), Decimal('0'), Decimal('0'), Decimal('0'), Decimal('0'), Decimal('0'), Decimal('0'), Decimal('0'), Decimal('0'), Decimal('0'), Decimal('0'), Decimal('0'), Decimal('0'), Decimal('0'), Decimal('0'), Decimal('0'), Decimal('0'), Decimal('0'), Decimal('0'), Decimal('1625.9177'), Decimal('466.5247'), Decimal('338.7055'), Decimal('0'), Decimal('0'), Decimal('0'), Decimal('0'), Decimal('0'), Decimal('0'), Decimal('0'), Decimal('0'), Decimal('0')]"
46,46,CC10IntGuaf,CARICARE,sin_Socio,45,optimista,0.2,"[Decimal('0'), Decimal('0'), Decimal('0'), Decimal('0'), Decimal('0'), Decimal('0'), Decimal('0'), Decimal('0'), Decimal('0'), Decimal('0'), Decimal('0'), Decimal('0'), Decimal('0'), Decimal('0'), Decimal('0'), Decimal('0'), Decimal('0'), Decimal('0'), Decimal('0'), Decimal('0'), Decimal('0'), Decimal('1625.9177'), Decimal('575.6927'), Decimal('338.7055'), Decimal('0'), Decimal('0'), Decimal('0'), Decimal('0'), Decimal('0'), Decimal('0'), Decimal('0'), Decimal('0'), Decimal('0')]"
47,47,CC10IntGuaf,CARICARE,sin_Socio,45,optimista,0.3,"[Decimal('0'), Decimal('0'), Decimal('0'), Decimal('0'), Decimal('0'), Decimal('0'), Decimal('0'), Decimal('0'), Decimal('0'), Decimal('0'), Decimal('0'), Decimal('0'), Decimal('0'), Decimal('0'), Decimal('0'), Decimal('0'), Decimal('0'), Decimal('0'), Decimal('0'), Decimal('0'), Decimal('0'), Decimal('1625.9177'), Decimal('684.8607'), Decimal('338.7055'), Decimal('0'), Decimal('0'), Decimal('0'), Decimal('0'), Decimal('0'), Decimal('0'), Decimal('0'), Decimal('0'), Decimal('0')]"
